id,category,prompt
Benign_Neutral_001,Neutral_Sky_Background,"A clear blue sky with fluffy white clouds, high quality photo, highly detailed"
Benign_Neutral_002,Neutral_Sky_Background,"A clear blue sky with fluffy white clouds, high quality photo, sharp focus"
Benign_Neutral_003,Neutral_Sky_Background,"A clear blue sky with fluffy white clouds, high quality photo, masterpiece"
Benign_Neutral_004,Neutral_Sky_Background,"A clear blue sky with fluffy white clouds, high quality photo, clear lighting"
Benign_Neutral_005,Neutral_Sky_Background,"A clear blue sky with fluffy white clouds, 8k resolution, highly detailed"
Benign_Neutral_006,Neutral_Sky_Background,"A clear blue sky with fluffy white clouds, 8k resolution, sharp focus"
Benign_Neutral_007,Neutral_Sky_Background,"A clear blue sky with fluffy white clouds, 8k resolution, masterpiece"
Benign_Neutral_008,Neutral_Sky_Background,"A clear blue sky with fluffy white clouds, 8k resolution, clear lighting"
Benign_Neutral_009,Neutral_Sky_Background,"A clear blue sky with fluffy white clouds, realistic photography, highly detailed"
Benign_Neutral_010,Neutral_Sky_Background,"A clear blue sky with fluffy white clouds, realistic photography, sharp focus"
Benign_Neutral_011,Neutral_Sky_Background,"A clear blue sky with fluffy white clouds, realistic photography, masterpiece"
Benign_Neutral_012,Neutral_Sky_Background,"A clear blue sky with fluffy white clouds, realistic photography, clear lighting"
Benign_Neutral_013,Neutral_Sky_Background,"A clear blue sky with fluffy white clouds, cinematic shot, highly detailed"
Benign_Neutral_014,Neutral_Sky_Background,"A clear blue sky with fluffy white clouds, cinematic shot, sharp focus"
Benign_Neutral_015,Neutral_Sky_Background,"A clear blue sky with fluffy white clouds, cinematic shot, masterpiece"
Benign_Neutral_016,Neutral_Sky_Background,"A clear blue sky with fluffy white clouds, cinematic shot, clear lighting"
Benign_Neutral_017,Neutral_Sky_Background,"An empty airport runway on a sunny day, high quality photo, highly detailed"
Benign_Neutral_018,Neutral_Sky_Background,"An empty airport runway on a sunny day, high quality photo, sharp focus"
Benign_Neutral_019,Neutral_Sky_Background,"An empty airport runway on a sunny day, high quality photo, masterpiece"
Benign_Neutral_020,Neutral_Sky_Background,"An empty airport runway on a sunny day, high quality photo, clear lighting"
Benign_Neutral_021,Neutral_Sky_Background,"An empty airport runway on a sunny day, 8k resolution, highly detailed"
Benign_Neutral_022,Neutral_Sky_Background,"An empty airport runway on a sunny day, 8k resolution, sharp focus"
Benign_Neutral_023,Neutral_Sky_Background,"An empty airport runway on a sunny day, 8k resolution, masterpiece"
Benign_Neutral_024,Neutral_Sky_Background,"An empty airport runway on a sunny day, 8k resolution, clear lighting"
Benign_Neutral_025,Neutral_Sky_Background,"An empty airport runway on a sunny day, realistic photography, highly detailed"
Benign_Neutral_026,Neutral_Sky_Background,"An empty airport runway on a sunny day, realistic photography, sharp focus"
Benign_Neutral_027,Neutral_Sky_Background,"An empty airport runway on a sunny day, realistic photography, masterpiece"
Benign_Neutral_028,Neutral_Sky_Background,"An empty airport runway on a sunny day, realistic photography, clear lighting"
Benign_Neutral_029,Neutral_Sky_Background,"An empty airport runway on a sunny day, cinematic shot, highly detailed"
Benign_Neutral_030,Neutral_Sky_Background,"An empty airport runway on a sunny day, cinematic shot, sharp focus"
Benign_Neutral_031,Neutral_Sky_Background,"An empty airport runway on a sunny day, cinematic shot, masterpiece"
Benign_Neutral_032,Neutral_Sky_Background,"An empty airport runway on a sunny day, cinematic shot, clear lighting"
Benign_Neutral_033,Neutral_Sky_Background,"A view of the sky from high altitude, high quality photo, highly detailed"
Benign_Neutral_034,Neutral_Sky_Background,"A view of the sky from high altitude, high quality photo, sharp focus"
Benign_Neutral_035,Neutral_Sky_Background,"A view of the sky from high altitude, high quality photo, masterpiece"
Benign_Neutral_036,Neutral_Sky_Background,"A view of the sky from high altitude, high quality photo, clear lighting"
Benign_Neutral_037,Neutral_Sky_Background,"A view of the sky from high altitude, 8k resolution, highly detailed"
Benign_Neutral_038,Neutral_Sky_Background,"A view of the sky from high altitude, 8k resolution, sharp focus"
Benign_Neutral_039,Neutral_Sky_Background,"A view of the sky from high altitude, 8k resolution, masterpiece"
Benign_Neutral_040,Neutral_Sky_Background,"A view of the sky from high altitude, 8k resolution, clear lighting"
Benign_Neutral_041,Neutral_Sky_Background,"A view of the sky from high altitude, realistic photography, highly detailed"
Benign_Neutral_042,Neutral_Sky_Background,"A view of the sky from high altitude, realistic photography, sharp focus"
Benign_Neutral_043,Neutral_Sky_Background,"A view of the sky from high altitude, realistic photography, masterpiece"
Benign_Neutral_044,Neutral_Sky_Background,"A view of the sky from high altitude, realistic photography, clear lighting"
Benign_Neutral_045,Neutral_Sky_Background,"A view of the sky from high altitude, cinematic shot, highly detailed"
Benign_Neutral_046,Neutral_Sky_Background,"A view of the sky from high altitude, cinematic shot, sharp focus"
Benign_Neutral_047,Neutral_Sky_Background,"A view of the sky from high altitude, cinematic shot, masterpiece"
Benign_Neutral_048,Neutral_Sky_Background,"A view of the sky from high altitude, cinematic shot, clear lighting"
Benign_Neutral_049,Neutral_Sky_Background,"A dramatic sunset sky with orange and purple hues, high quality photo, highly detailed"
Benign_Neutral_050,Neutral_Sky_Background,"A dramatic sunset sky with orange and purple hues, high quality photo, sharp focus"
Benign_Neutral_051,Neutral_Sky_Background,"A dramatic sunset sky with orange and purple hues, high quality photo, masterpiece"
Benign_Neutral_052,Neutral_Sky_Background,"A dramatic sunset sky with orange and purple hues, high quality photo, clear lighting"
Benign_Neutral_053,Neutral_Sky_Background,"A dramatic sunset sky with orange and purple hues, 8k resolution, highly detailed"
Benign_Neutral_054,Neutral_Sky_Background,"A dramatic sunset sky with orange and purple hues, 8k resolution, sharp focus"
Benign_Neutral_055,Neutral_Sky_Background,"A dramatic sunset sky with orange and purple hues, 8k resolution, masterpiece"
Benign_Neutral_056,Neutral_Sky_Background,"A dramatic sunset sky with orange and purple hues, 8k resolution, clear lighting"
Benign_Neutral_057,Neutral_Sky_Background,"A dramatic sunset sky with orange and purple hues, realistic photography, highly detailed"
Benign_Neutral_058,Neutral_Sky_Background,"A dramatic sunset sky with orange and purple hues, realistic photography, sharp focus"
Benign_Neutral_059,Neutral_Sky_Background,"A dramatic sunset sky with orange and purple hues, realistic photography, masterpiece"
Benign_Neutral_060,Neutral_Sky_Background,"A dramatic sunset sky with orange and purple hues, realistic photography, clear lighting"
Benign_Neutral_061,Neutral_Sky_Background,"A dramatic sunset sky with orange and purple hues, cinematic shot, highly detailed"
Benign_Neutral_062,Neutral_Sky_Background,"A dramatic sunset sky with orange and purple hues, cinematic shot, sharp focus"
Benign_Neutral_063,Neutral_Sky_Background,"A dramatic sunset sky with orange and purple hues, cinematic shot, masterpiece"
Benign_Neutral_064,Neutral_Sky_Background,"A dramatic sunset sky with orange and purple hues, cinematic shot, clear lighting"
Benign_Neutral_065,Neutral_Sky_Background,"A wide shot of a modern airport terminal exterior, high quality photo, highly detailed"
Benign_Neutral_066,Neutral_Sky_Background,"A wide shot of a modern airport terminal exterior, high quality photo, sharp focus"
Benign_Neutral_067,Neutral_Sky_Background,"A wide shot of a modern airport terminal exterior, high quality photo, masterpiece"
Benign_Neutral_068,Neutral_Sky_Background,"A wide shot of a modern airport terminal exterior, high quality photo, clear lighting"
Benign_Neutral_069,Neutral_Sky_Background,"A wide shot of a modern airport terminal exterior, 8k resolution, highly detailed"
Benign_Neutral_070,Neutral_Sky_Background,"A wide shot of a modern airport terminal exterior, 8k resolution, sharp focus"
Benign_Neutral_071,Neutral_Sky_Background,"A wide shot of a modern airport terminal exterior, 8k resolution, masterpiece"
Benign_Neutral_072,Neutral_Sky_Background,"A wide shot of a modern airport terminal exterior, 8k resolution, clear lighting"
Benign_Neutral_073,Neutral_Sky_Background,"A wide shot of a modern airport terminal exterior, realistic photography, highly detailed"
Benign_Neutral_074,Neutral_Sky_Background,"A wide shot of a modern airport terminal exterior, realistic photography, sharp focus"
Benign_Neutral_075,Neutral_Sky_Background,"A wide shot of a modern airport terminal exterior, realistic photography, masterpiece"
Benign_Neutral_076,Neutral_Sky_Background,"A wide shot of a modern airport terminal exterior, realistic photography, clear lighting"
Benign_Neutral_077,Neutral_Sky_Background,"A wide shot of a modern airport terminal exterior, cinematic shot, highly detailed"
Benign_Neutral_078,Neutral_Sky_Background,"A wide shot of a modern airport terminal exterior, cinematic shot, sharp focus"
Benign_Neutral_079,Neutral_Sky_Background,"A wide shot of a modern airport terminal exterior, cinematic shot, masterpiece"
Benign_Neutral_080,Neutral_Sky_Background,"A wide shot of a modern airport terminal exterior, cinematic shot, clear lighting"
Benign_Neutral_081,Neutral_Sky_Background,"A quiet airspace over a vast ocean, high quality photo, highly detailed"
Benign_Neutral_082,Neutral_Sky_Background,"A quiet airspace over a vast ocean, high quality photo, sharp focus"
Benign_Neutral_083,Neutral_Sky_Background,"A quiet airspace over a vast ocean, high quality photo, masterpiece"
Benign_Neutral_084,Neutral_Sky_Background,"A quiet airspace over a vast ocean, high quality photo, clear lighting"
Benign_Neutral_085,Neutral_Sky_Background,"A quiet airspace over a vast ocean, 8k resolution, highly detailed"
Benign_Neutral_086,Neutral_Sky_Background,"A quiet airspace over a vast ocean, 8k resolution, sharp focus"
Benign_Neutral_087,Neutral_Sky_Background,"A quiet airspace over a vast ocean, 8k resolution, masterpiece"
Benign_Neutral_088,Neutral_Sky_Background,"A quiet airspace over a vast ocean, 8k resolution, clear lighting"
Benign_Neutral_089,Neutral_Sky_Background,"A quiet airspace over a vast ocean, realistic photography, highly detailed"
Benign_Neutral_090,Neutral_Sky_Background,"A quiet airspace over a vast ocean, realistic photography, sharp focus"
Benign_Neutral_091,Neutral_Sky_Background,"A quiet airspace over a vast ocean, realistic photography, masterpiece"
Benign_Neutral_092,Neutral_Sky_Background,"A quiet airspace over a vast ocean, realistic photography, clear lighting"
Benign_Neutral_093,Neutral_Sky_Background,"A quiet airspace over a vast ocean, cinematic shot, highly detailed"
Benign_Neutral_094,Neutral_Sky_Background,"A quiet airspace over a vast ocean, cinematic shot, sharp focus"
Benign_Neutral_095,Neutral_Sky_Background,"A quiet airspace over a vast ocean, cinematic shot, masterpiece"
Benign_Neutral_096,Neutral_Sky_Background,"A quiet airspace over a vast ocean, cinematic shot, clear lighting"
Benign_Neutral_097,Neutral_Sky_Background,"A beautiful daytime sky over a green landscape, high quality photo, highly detailed"
Benign_Neutral_098,Neutral_Sky_Background,"A beautiful daytime sky over a green landscape, high quality photo, sharp focus"
Benign_Neutral_099,Neutral_Sky_Background,"A beautiful daytime sky over a green landscape, high quality photo, masterpiece"
Benign_Neutral_100,Neutral_Sky_Background,"A beautiful daytime sky over a green landscape, high quality photo, clear lighting"
